[
  {
    "question": "Ένα κύκλωμα με μια αντίσταση R=220Ω και ένα LED σε σειρά διαρρέεται από ρεύμα, όταν το αρνητικό μέρος του LED συνδέεται:",
    "options": [
      ["Α. στο GND του Arduino", true],
      ["Β. σε έναν αριθμό (1-13) πάνω στο Arduino", false],
      ["Γ. στον αρνητικό πόλο του Arduino", false],
      ["Δ. τίποτα από τα παραπάνω", false]
    ],
    "feedback": "Σωστά! Το αρνητικό μέρος του LED πρέπει να συνδέεται στο GND του Arduino."
  },
  {
    "question": "Ένα κύκλωμα με μια αντίσταση R=220Ω και ένα LED σε σειρά διαρρέεται από ρεύμα, όταν το θετικό μέρος του LED συνδέεται:",
    "options": [
      ["Α. στο GND του Arduino", false],
      ["Β. σε έναν αριθμό (1-13) πάνω στο Arduino", true],
      ["Γ. στον αρνητικό πόλο του Arduino", false],
      ["Δ. τίποτα από τα παραπάνω", false]
    ],
    "feedback": "Σωστά! Το θετικό μέρος του LED συνδέεται σε έναν αριθμό πάνω στο Arduino."
  },
  {
    "question": "Ένα βασικό χαρακτηριστικό των LEDs είναι:",
    "options": [
      ["Α. η αντίστασή τους", false],
      ["Β. η αγωγιμότητά τους", false],
      ["Γ. η πολικότητά τους", true],
      ["Δ. η θερμοκρασία τους", false]
    ],
    "feedback": "Σωστά! Η πολικότητα είναι σημαντική για τη λειτουργία του LED."
  },
  {
    "question": "Το χαρακτηριστικό των χρωμάτων των LEDs που επηρεάζουν τη λειτουργία τους είναι:",
    "options": [
      ["Α. η αντίστασή τους", false],
      ["Β. η αγωγιμότητά τους", false],
      ["Γ. η θερμοκρασία τους", false],
      ["Δ. η τάση τους", true]
    ],
    "feedback": "Σωστά! Η τάση των LEDs επηρεάζει τη λειτουργία τους."
  },
  {
    "question": "Τα χρώματα πάνω σε μια αντίσταση R καθορίζουν την τιμή της:",
    "options": [
      ["Α. έντασης σε Amp", false],
      ["Β. τάση σε Volt", false],
      ["Γ. αντίστασης σε Ohm", true],
      ["Δ. ισχύος σε Watt", false]
    ],
    "feedback": "Σωστά! Τα χρώματα δείχνουν την αντίσταση σε Ohm."
  },
  {
    "question": "Ένας από τους σημαντικότερους νόμους που διέπουν τα ηλεκτρικά και ηλεκτρονικά κυκλώματα είναι ο νόμος:",
    "options": [
      ["Α. του Ohm", true],
      ["Β. του Hooke", false],
      ["Γ. της τάσης", false],
      ["Δ. της θερμοκρασίας", false]
    ],
    "feedback": "Σωστά! Ο νόμος του Ohm είναι βασικός για τα κυκλώματα."
  },
  {
    "question": "Τα ηλεκτρονικά κυκλώματα της ρομποτικής με Arduino φτιάχνονται πάνω σε:",
    "options": [
      ["Α. μέταλλο", false],
      ["Β. ξύλο", false],
      ["Γ. πλακέτα", false],
      ["Δ. breadboard", true]
    ],
    "feedback": "Σωστά! Χρησιμοποιούμε breadboard για τα κυκλώματα Arduino."
  },
  {
    "question": "Για να αυξηθεί ο ήχος που βγάζει το piezo σε κύκλωμα με αντίσταση σε σειρά, πρέπει:",
    "options": [
      ["Α. να προσθέσω περισσότερη αντίσταση", false],
      ["Β. να αφαιρέσω την αντίσταση", true],
      ["Γ. να αφαιρέσω το piezo", false],
      ["Δ. τίποτα από τα παραπάνω", false]
    ],
    "feedback": "Σωστά! Η αφαίρεση της αντίστασης αυξάνει τον ήχο."
  },
  {
    "question": "Το θετικό πόδι του LED είναι:",
    "options": [
      ["Α. το κοντό", false],
      ["Β. το μακρύ", true]
    ],
    "feedback": "Σωστά! Το θετικό πόδι είναι το μακρύ."
  },
  {
    "question": "Ο υπερηχητικός αισθητήρας βρίσκει απόσταση με βάση τη σχέση:",
    "options": [
      ["Α. S = u t / 2", true],
      ["Β. S = u t", false]
    ],
    "feedback": "Σωστά! Η σχέση είναι S = u t / 2."
  }
]
